{"boundaryID": "PER-ADM2-86281439", "boundaryISO": "PER", "boundaryYear": "2020", "boundaryType": "ADM2", "boundarySource": "Instituto Geogr\u00e1fico Nacional - IGN, OCHA ROLAC", "boundaryCanonical": "Provinces", "boundaryLicense": "Creative Commons Attribution 3.0 Intergovernmental Organisations (CC BY 3.0 IGO)", "licenseDetail": "", "licenseSource": "https//data.humdata.org/dataset/limites-de-peru", "boundarySourceURL": "https//data.humdata.org/dataset/limites-de-peru", "sourceDataUpdateDate": "Thu Jan 19 07:31:04 2023", "buildDate": "Dec 12, 2023", "admUnitCount": "196", "meanVertices": "3526.0", "minVertices": "823", "maxVertices": "13091", "meanPerimeterLengthKM": "465.49098320800647", "maxPerimeterLengthKM": "2275.9457340128606", "minPerimeterLengthKM": "108.83022551508562", "meanAreaSqKM": "6565.323286974201", "minAreaSqKM": "140.34299231434966", "maxAreaSqKM": "76186.60153563281"}